"DAI","Estimate","Std. Error","df","t value","Pr(>|t|)"
"PASI",0.854981318631527,13.9551373632462,20,0.0612664208439324,0.951755150155938
"DAS28_RAneg",-0.725292838292044,0.240484714350791,228.815140035022,-3.01596232529803,0.00285095878616575
"DAS28_RApos",-0.0523074831172247,0.0951828161787105,505.405866657726,-0.54954754668127,0.58287248267223
"BASDAI",-3.12359198806902,1.19862098393841,173.511431737744,-2.60598807289821,0.00995722318367426
"CDAI",-143.690555753006,38.4213941328403,376.995603446453,-3.73985793582092,0.000212727654221838
"cMayo",-9.38163720593069,1.70007248860299,164.344918859043,-5.51837481567618,1.3084024136776e-07
